[
  {
    "imageFile": "foodlovers01",
    "foodloversName": "Fried Shrimp",
    "caption": "Saginoya Restaurant",
    "description": "เทมปุระหลากหลายจากดินแดนต้นตำหรับญี่ปุ่น พนักงานร้านต้อนรับและบริการดีค่ะ อาจเป็นเพราะร้านเปิดใหม่อยากให้ลูกค้าติดใจ มีทั้ง กุ้ง ปลาหมึก ปลาทรายเทมปุระ คือกุ้งชุปแป้งทอด อร่อยแบบญี่ปุ่นในรสชาติแบบคนไทย",
    "price": 340,
    "scariness": 2
  },
  {
    "imageFile": "foodlovers02",
    "foodloversName": "Fried Egg Bread",
    "caption": "Chef's Table",
    "description": "อาหารแนวอเมริกันเบรคฟาสต์ บรรยากาศร้านอาหารคลาสสิค มาทีไรคนแน่นร้านตลอดๆๆ แต่หน้าร้านจัดการเรื่องคิวได้ดี และไว รอไม่นานเลย",
    "price": 220,
    "scariness": 4
  },
  {
    "imageFile": "foodlovers03",
    "foodloversName": "Cheese Garlic Bread",
    "caption": "Rossini's",
    "description": "เมนูขนมปังอบสดๆ สไตล์ฝรั่งเศส และเครื่องดื่มบอกเลยว่าไม่ควรพลาด เป็นขนมปังกระเทียมอบชีส Garlic Bread with Cheese ขนมปังกระเทียมที่ใครหลายๆ คนต่างชื่นชอบ เพิ่มชีสแล้วนำเข้าอบให้ชีสละลายส่งกลิ่นหอมน่ารับประทาน",
    "price": 550,
    "scariness": 3
  },
  {
    "imageFile": "foodlovers04",
    "foodloversName": "Korean Corn Dogs",
    "caption": "Seoul Wang",
    "description": "คอร์นด็อกทอดใหม่มาร้อนๆ ถูกและดี แป้งที่ชุบมาไม่หนาไม่บางจนเกินไป ชีสยืดละลาย มีซอสมะเขือเทศกับมายาเนส ทางร้านคลุกน้ำตาลมา เปรี้ยวหวาน เค็มชีสกำลังดีเลย",
    "price": 100,
    "scariness": 5
  },
  {
    "imageFile": "foodlovers05",
    "foodloversName": "Mozzarella Sticks",
    "caption": "Philippe",
    "description": "เข้ามาในร้าน เต็มไปด้วยบรรยากาศล้วนๆ ผ่อนคลาย จิบไวน์ หรือจะดื่มเบียร์บรรยากาศเบาๆ ไม่อึกทึก เหมาะสำหรับการคลายเครียดหลังเลิกงาน เสียงเพลงก็พอดี ให้พูดคุยกันได้ ฟังกันรู้เรื่อง ใครชอบชีสนี่ห้ามพลาดเลย",
    "price": 120,
    "scariness": 2
  },
  {
    "imageFile": "foodlovers06",
    "foodloversName": "Egg Roll with Salmon Rice",
    "caption": "Hide Japanese Restaurant",
    "description": "ไข่ม้วนไม่ใช่ไข่หวาน รสชาติจึงไม่หวาน เมนูไข่ม้วน คือไข่ม้วนปลาแซลม่อน อร่อยมาก มันมัน เกี๊ยวซ่าทอดร้อนๆ กรอบๆ น้ำจิ้มก็รสชาติไม่เหมือนที่อื่น บรรยากาศร้านก็ดีมากเวอร์",
    "price": 230,
    "scariness": 3
  },
  {
    "imageFile": "foodlovers07",
    "foodloversName": "Grilled Chicken Salad with Rice",
    "caption": "HealthFood Restaurant",
    "description": "ร้านอาหารสุขภาพเจ้าดังจากเชียงใหม่ ที่มาเปิดสาขาในกรุงเทพฯ ไก่ย่างและ สลัดผลไม้จัดเต็มราดด้วยน้ำสลัดครีม ผลไม้มีทั้ง แอปเปิ้ลแดง แอปปิ้ลเขียว เมลอน แก้วมังกร สตรอว์เบอร์รี่ กีวี มะม่วง สาลี่ ลูกเกด เม็ดมะม่วงหิมพานต์ และถั่ววอลนัต ผลไม้กรุบกรอบ มีทั้งรสเปรี้ยว รสหวาน ได้ความสดชื่น มีถั่วกรุบ ๆ มัน ๆ จานนี้ได้วิตามินครบบอกเลย",
    "price": 250,
    "scariness": 5
  },
  {
    "imageFile": "foodlovers08",
    "foodloversName": "Jjampong",
    "caption": "Hanguk Restaurant ",
    "description": "ป็นร้านแรกที่เชฟชาวเกาหลีที่อาศัยอยู่ในประเทศไทยพูดถึงเมื่อสอบถามถึงร้านเด็ด หน้าตาธรรมดาไม่หวือหวา แต่รสชาติมีความออริจินัลรสมือแม่สมกับที่เจ้าของร้านเป็นชาวเกาหลีแท้ เมนูที่นี่ส่วนใหญ่เป็นภาษาเกาหลี เมนู จัมปง จานโตของที่นี่มีน้ำซุปที่ค่อนข้างเข้มข้น เส้นเยอะมาก ใช้ปลาหมึก กุ้ง และหอยแมลงภู่สำหรับเครื่องซีฟู้ด รสชาติของซุปถือว่าอบอุ่นมากบอกเลย",
    "price": 240,
    "scariness": 2
  }
]